FileName,HasLyrics,SongBookTitle,Remarks
A_Bee_O.mp3,N,,,
Ah_Poor_Bird.mp3,Y,,,
Ain't_Gonna_Study_War.mp3,Y,,,
Ain't_Gonna_Study_War_(Parts).mp3,Y,,,
Ain't_No_Sunshine_When_She's_Gone.mp3,N,,,
All_For_Me_Grog.mp3,Y,,,
All_On_The_Shore.mp3,N,,,
All_Things_Shall_Perish_(Putney_Allstars).mp3,Y,,,
Ally_Bally.mp3,Y,,,
An_Old_Woman_Of_Yorkshire.mp3,N,,,
Anchored_In_Love_(Barnyard).mp3,Y,,,
Angel_Band_(01).mp3,N,,,
Angel_Band_(02).mp3,N,,,
Angels_Watching_Over_Me_(Putney_Allstars).mp3,Y,,,
As_She_Moved_Through_The_Fair.mp3,Y,,,
Ash_Yeay_Tatalay.mp3,N,,,
Baba_Kukuduku_(Fireside).mp3,N,,,
Baba_Kukuduku_(Parts).mp3,N,,,
Babes_In_The_Wood.mp3,N,,,
Baby_Cares_For_Only_Me.mp3,N,,,
Baby_Tonight.mp3,N,,,
Banjo_Break.mp3,N,,,
Banks_Of_The_Ohio.mp3,N,,,
Barnfunk_(01).mp3,N,,,
Barnfunk_(02).mp3,N,,,
Batan_Jo.mp3,N,,,
Beanz_Means_Heinz.mp3,N,,,
Before_I_Met_You.mp3,Y,,,
Before_You_Make_A_Promise_(Putney_Allstars).mp3,N,,,
Belle_Mama.mp3,N,,,
Blackbird.mp3,N,,,
Blackbirds_And_Thrushes_(01).mp3,N,,,
Blackbirds_And_Thrushes_(02).mp3,N,,,
Blackbirds_And_Thrushes_(03).mp3,N,,,
Blackleg_Miner_(Slow).mp3,N,,,
Blackleg_Miner_(Wagon_Band).mp3,N,,,
Blow_The_Candle_Out.mp3,N,,,
Blue_Lake_And_Rocky_Shore.mp3,Y,,,
Blustery_Fireside_(Pipes).mp3,N,,,
Boggy_Boggy.mp3,N,,,
Bon_Soir_(01).mp3,N,,,
Bon_Soir_(02).mp3,N,,,
Break_Em_On_Down.mp3,N,,,
Bring_Me_Little_Water_Sylvie_(01).mp3,N,,,
Bring_Me_Little_Water_Sylvie_(Parts).mp3,N,,,
Broken_Rib.mp3,N,,,
Buirski_Banjo_Break.mp3,N,,,
Burning_Of_Auchindon_(In_The_Crypt).mp3,N,,,
By_The_Waters_Of_Babylon.mp3,N,,,
C_O_F_F_E_E.mp3,N,,,
Cakewalk_Blues.mp3,N,,,
Call_On.mp3,N,,,
Can_You_Get.mp3,N,,,
Captain_Don't_You_Know_Me.mp3,N,,,
Careless_Love.mp3,N,,,
Chicken_On_A_Raft.mp3,Y,,,
Chickens.mp3,Y,,,
Children_Go_Where_I_Send_Thee.mp3,N,,,
Cloud_Song_(Glee_07).mp3,N,,,
Cluck_Old_Hen.mp3,Y,,,
Cocaine.mp3,N,,,
Come_To_The_Colours.mp3,Y,,,
Country_Dancing_(01).mp3,N,,,
Country_Dancing_(02).mp3,N,,,
Country_Dancing_(03).mp3,N,,,
Country_Dancing_(04).mp3,N,,,
Country_Dancing_(05).mp3,N,,,
Country_Dancing_(06).mp3,N,,,
Country_Life.mp3,Y,,,
Crazy_Moose.mp3,N,,,
Dark_As_A_Dungeon_(01).mp3,Y,,,
Dark_As_A_Dungeon_(02).mp3,Y,,,
Dark_As_A_Dungeon_(In_The_Crypt).mp3,Y,,,
Dary_Fah_Diliddle_Air_Yo.mp3,N,,,
Deep_Blue_Sea_(Postcamps_07).mp3,Y,,,
Deep_Down_In_My_Soul_(In_The_Crypt).mp3,N,,,
Deportees.mp3,Y,,,
Derby_Ram's_Tail.mp3,N,,,
Dido_Fido.mp3,N,,,
Dona_Nobis_Parcem_(01).mp3,N,,,
Dona_Nobis_Parcem_(02).mp3,N,,,
Dona_Nobis_Parcem_(03).mp3,N,,,
Dona_Nobis_Parcem_(04).mp3,N,,,
Dona_Nobis_Parcem_(FFS).mp3,N,,,
Donna_Donna.mp3,Y,,,
Don't_Let_It_Bother_You.mp3,N,,,
Don't_You_Hear_Jerusalem_Mourn.mp3,N,,,
Dousing_The_Campfire.mp3,N,,,
Down_By_The_Riverside.mp3,N,,,
Down_In_The_Valley.mp3,N,,,
Down_Where_The_Drunkards_Roll.mp3,N,,,
Drill_Ye_Tarriers_Drill_(01).mp3,N,,,
Drill_Ye_Tarriers_Drill_(02).mp3,N,,,
Drill_Ye_Tarriers_Drill_(03).mp3,N,,,
Drill_Ye_Tarriers_Drill_(04).mp3,N,,,
Drunken_Sailor.mp3,N,,,
Drunken_Sailor_(Putney_Allstars).mp3,N,,,
Early_In_The_Spring.mp3,N,,,
Earth_My_Body.mp3,N,,,
Eenay_Weray_Weray.mp3,N,,,
Eerie_Canal.mp3,N,,,
Farewell_Johnny_Miner.mp3,N,,,
Fathom_The_Bowl.mp3,Y,,,
Fathom_The_Bowl_(Colonial_Style).mp3,Y,,,
Fathom_The_Bowl_(FFS).mp3,Y,,,
Fiddler's_Green.mp3,Y,,,
Fiddler's_Green_(FFS).mp3,Y,,,
Fiddler's_Green_(Solo).mp3,Y,,,
Fire_Me_Ringo.mp3,N,,,
Follow_The_Drinking_Gourd.mp3,Y,,,
Four_Five_Seven_Nine.mp3,N,,,
Freedom_For_South_Africa.mp3,N,,,
Freedom_Is_Coming.mp3,N,,,
Freedom_Is_Coming_(Parts).mp3,N,,,
Freight_Train.mp3,N,,,
Froggy_Went_A_Courtin'.mp3,N,,,
Ghost_Of_John_(01).mp3,N,,,
Ghost_Of_John_(02).mp3,N,,,
Go_Down_You_Blood_Red_Roses_(In_The_Crypt).mp3,N,,,
Go_Well_And_Safely_(Putney_Allstars).mp3,N,,,
Goin'_Fishin'.mp3,N,,,
Going_Over_Jordan.mp3,N,,,
Goldfish.mp3,N,,,
Good_Times.mp3,N,,,
Goodbye_Love.mp3,N,,,
Goodnight_Irene_(In_The_Crypt).mp3,N,,,
Grandma's_Hands.mp3,N,,,
Greenland_Whaler.mp3,N,,,
Greenland_Whaler_(Belter).mp3,N,,,
Greenland_Whaler_(Snippet).mp3,N,,,
Grey_Funnel_Line.mp3,N,,,
Grey_Funnel_Line_(Messy).mp3,N,,,
Grey_Funnel_Line_(North).mp3,N,,,
Hal_And_Tow.mp3,N,,,
Hard_Times.mp3,N,,,
Hard_Times_(Banjo).mp3,N,,,
Harriet_Tubman_(01).mp3,Y,,,
Harriet_Tubman_(02).mp3,Y,,,
Haul_Away_For_Johnny_O.mp3
Haul_Away_Joe_(Putney_Allstars).mp3,N,,,
Heavenly_Aeroplane.mp3,N,,,
Hesitation_Blues.mp3,N,,,
Hey_Ho_Anybody_Home.mp3,N,,,
Hill_And_Gully_Rider.mp3,N,,,
Home_To_The_Motherland.mp3,N,,,
Humba.mp3,N,,,
Hush_A_Bye.mp3,N,,,
I_Am_A_Tower_Of_Strength_(Postcamps_07).mp3,Y,,,
I_Dare_Not_Let_You_In.mp3,N,,,
I_Don't_Know_(In_The_Crypt).mp3,N,,,
I_Like_The_Flowers.mp3,N,,,
I_Like_To_Rise.mp3,N,,,
I_Paradise.mp3,N,,,
I_Paradise_(Studio).mp3,N,,,
I_Say_Old_Man.mp3,N,,,
I_Will_Rock_My_Heart.mp3,N,,,
I_Will_Rock_My_Heart_(Snippet).mp3,N,,,
I_Wonder_If_I'm_Growing.mp3,N,,,
Ickaviel.mp3,N,,,
If_I_Were_A_Blackbird.mp3,N,,,
If_You_Want_To_See_The_General.mp3,N,,,
If_You_Want_To_See_The_General_(Fireside).mp3,N,,,
Ikley_Moor.mp3,N,,,
I'll_Fly_Away.mp3,N,,,
I'm_Gonna_Be_An_Engineer_(Peggy_Seeger).mp3,N,,,
Indonga_Seh_Jericho_(Parts).mp3,N,,,
It_Ain't_Me_You're_Looking_For.mp3,N,,,
It_Takes_A_Worried_Man_(01).mp3,N,,,
It_Takes_A_Worried_Man_(02).mp3,N,,,
It_Takes_A_Worried_Man_(03).mp3,N,,,
Jamaican_Farewell_(01).mp3,N,,,
Jamaican_Farewell_(02).mp3,N,,,
Jean_Harlow.mp3,N,,,
Jesus_My_Secret.mp3,N,,,
Jesus_Was_A_Gay_Black_Hippie_Jew_(Solo).mp3,N,,,
Jinganga_(Parts).mp3,N,,,
Joan_Come_Kiss_Me_Now.mp3,N,,,
Jock_Stewart.mp3,N,,,
John_John_Where_Have_You_Been_All_Night_(01).mp3,N,,,
John_John_Where_Have_You_Been_All_Night_(02).mp3,N,,,
Johnny_Boy.mp3,N,,,
Keep_On_Truckin'.mp3,N,,,
Ketchack_Dance.mp3,N,,,
Kilgary_Mountain.mp3,N,,,
Kiss_Me_Mother.mp3,N,,,
Klezmer_Barndance_Break_Down.mp3,N,,,
Klezmer_Barndance_Break_In.mp3,N,,,
Klezmer_Barndance_Break_Out.mp3,N,,,
Klezmer_Barndance_Break_Up.mp3,N,,,
Knees_Up_Three_Four_Five.mp3,N,,,
Knife_In_The_Window.mp3,N,,,
Lady_And_The_Crocodile.mp3,N,,,
Leave_Her_Johnny_Leave_Her.mp3,N,,,
Leave_Her_Johnny_Leave_Her_(Putney_Allstars).mp3,N,,,
Leaves_Of_Life.mp3,N,,,
Let_Your_Little_Light_Shine.mp3,N,,,
Lift_Up_Your_Hands.mp3,N,,,
Lift_Up_Your_Hands_(Parts).mp3,N,,,
Lightweight_Dirge.mp3,N,,,
Linden_Tree.mp3,N,,,
Lion_Sleeps_Tonight.mp3,N,,,
Little_Engines.mp3,N,,,
Liverpool_Street_Station.mp3,N,,,
Looking_Tward_Heaven.mp3,N,,,
Looking_Tward_Heaven_(Barnyard).mp3,N,,,
Lord_Franklin.mp3,N,,,
Lost_Love.mp3,N,,,
Low_Lie_The_Fields_Of_Athenray.mp3,N,,,
Low_Lie_The_Fields_Of_Athenray_(North).mp3,N,,,
Lowlands.mp3,N,,,
Lowlands_(FFS).mp3,N,,,
Magpies_Nest.mp3,N,,,
Maleezway.mp3,N,,,
Mallezway_(Postcamps_07).mp3,N,,,
Martin_Said_To_His_Man.mp3,N,,,
Mary_Don't_You_Weep.mp3,N,,,
Mary_Ellen_Carter.mp3,N,,,
Mary_Ellen_Carter_(FFS).mp3,N,,,
Mathilda_(Theo_Bard).mp3,N,,,
Matilda.mp3,N,,,
May_The_Circle_Be_Unbroken.mp3,N,,,
May_The_Circle_Be_Unbroken_(Band).mp3,N,,,
Mingulay_Boat_Song_(01).mp3,N,,,
Mingulay_Boat_Song_(02).mp3,N,,,
Moccasin_Mile.mp3,N,,,
Moon_Of_Love.mp3,N,,,
Moonganga.mp3,N,,,
Moonganga_(In_The_Crypt).mp3,N,,,
Morning_Train.mp3,N,,,
Move_Along.mp3,N,,,
Mushrooms.mp3,N,,,
Mushrooms_(Parts).mp3,N,,,
My_Baby_Cares_For_Only_Me_(01).mp3,N,,,
My_Baby_Cares_For_Only_Me_(02).mp3,N,,,
My_Flower_My_Companion_And_Me.mp3,N,,,
My_Johnny_Was_A_Shoemaker.mp3,N,,,
My_Johnny_Was_A_Shoemaker_(North).mp3,N,,,
My_Sweet_Love_Ain't_Around.mp3,N,,,
Nan_Awey.mp3,N,,,
Nessie.mp3,N,,,
No_Man's_Land_(01).mp3,Y,,,
No_Man's_Land_(02).mp3,Y,,,
Now_I_Walk_In_Beauty.mp3,N,,,
Numbers_Song.mp3,N,,,
Numbers_Song_(Parts).mp3,N,,,
O_Mali.mp3,N,,,
Oak_And_Ash_And_Thorn_(Stable_Singers).mp3,N,,,
Oh_Lala_Lay.mp3,N,,,
Oh_Lay_Lay_Mali_Ma_Makosi_(01).mp3,N,,,
Oh_Lay_Lay_Mali_Ma_Makosi_(02).mp3,N,,,
Oh_Lord_Won't_You_Buy_Me_A_Mercedes_Benz_(01).mp3,N,,,
Oh_Lord_Won't_You_Buy_Me_A_Mercedes_Benz_(02).mp3,N,,,
Oh_You'll_Never_Get_To_Heaven.mp3,N,,,
Old_Abram_Brown.mp3,N,,,
Old_Joe_Clark.mp3,Y,,,
Old_Joe_Clark_(Spoons).mp3,Y,,,
Old_Mother_Lee.mp3,N,,,
Old_Virginia.mp3,N,,,
Once_I_Lived_In_Old_Virginia.mp3,N,,,
Ooh_Ey_Poochada.mp3,N,,,
Orchestra_Song.mp3,N,,,
Orchestra_Song_(Parts).mp3,N,,,
Orlando's_Pigs_(Stable_Singers).mp3,N,,,
Pace_Egging_Song.mp3,N,,,
Paddy_Doyle's_Boots.mp3,N,,,
Paddy_Doyle's_Boots_(In_The_Crypt).mp3,N,,,
Paddy_West_(Stable_Singers).mp3,N,,,
Peace_In_The_Valley.mp3,N,,,
Pike's_Peake_(Fiddle).mp3,N,,,
Pink_Parasol_(Putney_Allstars).mp3,N,,,
Plastic_Jesus_(Putney_Allstars).mp3,N,,,
Pleasant_And_Delightful_(01).mp3,Y,,,
Pleasant_And_Delightful_(02).mp3,Y,,,
Pleasant_And_Delightful_(Barnyard).mp3,Y,,,
Pleasant_And_Delightful_(North).mp3,Y,,,
Ploughboy.mp3,N,,,
Poll_Tax_Song.mp3,N,,,
Poor_Old_Man.mp3,N,,,
Poor_Orphan_Child.mp3,N,,,
Poor_Wayfaring_Stranger.mp3,N,,,
Poor_Wayfaring_Stranger_(Nancy_And_Amy).mp3,N,,,
Praise_His_Holy_Name_(In_The_Crypt).mp3,N,,,
Prickle_Eye_Bush_(01).mp3,N,,,
Prickle_Eye_Bush_(02).mp3,N,,,
Prickle_Eye_Bush_(03).mp3,N,,,
Process_Man_(01).mp3,N,,,
Process_Man_(02).mp3,N,,,
Rainy_Day.mp3,N,,,
Rawhide.mp3,N,,,
Recorder_Break.mp3,N,,,
Red_River_Valley.mp3,N,,,
Red_River_Valley_(Barnyard).mp3,N,,,
Reuben's_Train.mp3,N,,,
Rice.mp3,N,,,
Rickety_Tickety_Tin.mp3,N,,,
Riding_On_A_Donkey.mp3,N,,,
Rikki_Bamboo.mp3,N,,,
Rivers_Of_Babylon.mp3,N,,,
Rock_My_Soul.mp3,N,,,
Rockin'_Me_Babies_To_Sleep_(01).mp3,N,,,
Rockin'_Me_Babies_To_Sleep_(02).mp3,N,,,
Roll_The_Old_Chariot_Along_(Putney_Allstars).mp3,N,,,
Rolling_In_The_Dew_Makes_The_Milkmaids_Fair.mp3,N,,,
Rolling_On_The_Grass.mp3,N,,,
Rose_Of_Aberdeen.mp3,N,,,
Rosemary_Lane.mp3,N,,,
Rosemary_Lane_(Wagon_Band).mp3,N,,,
Rove_Riley_Rove_(Barnyard).mp3,N,,,
Rove_Riley_Rove_(Plus_Extras).mp3,N,,,
Rythm_And_Syncopation.mp3,N,,,
Sailboat_Malarkey_(Snippet).mp3,N,,,
Sally_Free_And_Easy.mp3,N,,,
Sally_Free_And_Easy_(01).mp3,N,,,
Sally_Free_And_Easy_(03).mp3,N,,,
Sam_Lee's_Hello_Little_Stream_(Stable_Singers).mp3,N,,,
San_Franciso_Bay.mp3,N,,,
Saving_For_Breakfast.mp3,N,,,
Seven_Virgins.mp3,N,,,
Shallow_Brown_(01).mp3,N,,,
Shallow_Brown_(02).mp3,N,,,
Shallow_Brown_(Wagon_Band).mp3,N,,,
Shawnee_Town.mp3,N,,,
She_Is_A_Rum_One.mp3,N,,,
Shenandoah.mp3,N,,,
Shenandoah_(Putney_Allstars).mp3,N,,,
Shoals_Of_Herring.mp3,N,,,
Shoot_The_Owl.mp3,N,,,
Shortnin_Bread.mp3,N,,,
Shtomni_Omi_Lalo_Mali.mp3,N,,,
Shtomni_Omi_Lalo_Mali_(Parts).mp3,N,,,
Shtomni_Omni_(In_The_Crypt).mp3,N,,,
Sikelele_Africa.mp3,N,,,
Silver_Dagger_(01).mp3,N,,,
Silver_Dagger_(Jaunty_Ukelele).mp3,N,,,
Sin_Song.mp3,N,,,
Sing_Together.mp3,N,,,
Sinner_Man_(Putney_Allstars).mp3,N,,,
Sixteen_Tons_(Bellair_Remix).mp3,N,,,
Sixteen_Tons_(Ed_Leads).mp3,N,,,
Siyahamba.mp3,N,,,
Siyahamba_(In_The_Crypt).mp3,N,,,
So_What.mp3,N,,,
Sorrows_Away.mp3,N,,,
South_Australia_(01).mp3,N,,,
South_Australia_(02).mp3,N,,,
South_Australia_(03).mp3,N,,,
Stand_By_The_Shore.mp3,N,,,
Star_Of_The_County_Down_(01).mp3,N,,,
Star_Of_The_County_Down_(02).mp3,N,,,
Star_Of_The_County_Down_(03).mp3,N,,,
Stealin'_(01).mp3,N,,,
Stealin'_(02).mp3,N,,,
Stealin'_(Fireside).mp3,N,,,
Stealin'_(Skat).mp3,N,,,
Step_Lightly.mp3,N,,,
Sweet_Roseanne.mp3,N,,,
Swing_Down_Chariot.mp3,N,,,
Take_This_Hammer.mp3,N,,,
Tall_Trees_Warm_Fire_(01).mp3,N,,,
Tall_Trees_Warm_Fire_(02).mp3,N,,,
That_Was_Before_I_Met_You.mp3,N,,,
The_Blacksmith.mp3,N,,,
The_Burning_Of_Auchindoun.mp3,N,,,
The_Cocks_Are_Crowing.mp3,N,,,
The_Curtains_Of_Old_Joes'_House.mp3,N,,,
The_Gloaming_Oh.html,N,,,
The_Gloaming_Oh.mp3,N,,,
The_Herring.mp3,N,,,
The_Jug_Of_Punch.mp3,Y,,,
The_Maid_Of_Cullmoor.mp3,N,,,
The_Nightingale.mp3,N,,,
The_Reason_I_Sing_So_Hard.mp3,N,,,
The_Village_Dump.mp3,N,,,
The_Water_Is_Wide.mp3,N,,,
The_Wind_They_Say_It_Is_A_Song.mp3,N,,,
The_World_Turned_Upside_Down_(01).mp3,Y,,,
The_World_Turned_Upside_Down_(02).mp3,Y,,,
The_World_Turned_Upside_Down_(03).mp3,Y,,,
The_World_Turned_Upside_Down_(04).mp3,Y,,,
The_World_Turned_Upside_Down_(05).mp3,Y,,,
There_Ain't_No_Flies_On_Us.mp3,N,,,
This_Land_Is_Your_Land_(01).mp3,N,,,
This_Land_Is_Your_Land_(02).mp3,N,,,
This_Train_Is_Bound_For_Glory.mp3,N,,,
Thousands_Or_More.mp3,N,,,
Thrashing_Machine.mp3,N,,,
Three_Crows.mp3,N,,,
Three_Is_The_Magic_Number.mp3,N,,,
Throw_My_Brain_In_A_Hurricane.mp3,N,,,
Thula_Mama.mp3,N,,,
Today_I_Feel_Older.mp3,N,,,
Tony_Chestnut.mp3,N,,,
Toori_Ay.mp3,N,,,
Triple_Whammy_(Putney_Allstars).mp3,N,,,
Troubles_Of_The_World.mp3,N,,,
Tu_We_And_Hill_And_Gully_Rider_(Postcamps_07).mp3,N,,,
Turkey_Rhubarb.mp3,N,,,
Um_A_Lay_(Glee_07).mp3,N,,,
Um_A_Lay_(Wangs).mp3,N,,,
Umkhonto_We_Sizwe_(In_The_Crypt).mp3,N,,,
Uncle_Joe.mp3,N,,,
Underneath_The_Mango_Tree.mp3,N,,,
Unicorn.mp3,N,,,
Unnecessary_Toil.mp3,N,,,
Up_Above_My_Head.mp3,N,,,
Up_Above_My_Head_(Field).mp3,N,,,
Up_The_Ladder.mp3,N,,,
Wade_In_The_Water_(Postcamps_07).mp3,N,,,
Way_Over_Yonder_(With_Criticism_At_The_End).mp3,N,,,
We_All_Come_From_The_Goddess_(Rain_Soaked_Hippies).mp3,N,,,
We_Are_At_One_With_The_Infinite_Sun_(Rain_Soaked_Hippies).mp3,N,,,
Wedding_Song.mp3,N,,,
Went_Down_To_The_River_To_Pray.mp3,N,,,
We're_Coming_Home_(Rain_Soaked_Hippies).mp3,N,,,
We're_Healing_The_World_(Rain_Soaked_Hippies).mp3,N,,,
We've_Got_All_The_Love.mp3,N,,,
We've_Got_All_The_Love_(Parts).mp3,N,,,
Whisky.mp3,N,,,
Whisky_On_A_Sunday_(FFS).mp3,N,,,
White_Cockade_(01).mp3,Y,,,
White_Cockade_(02).mp3,Y,,,
White_Cockade_(Barnyard).mp3,Y,,,
White_Cockade_(Wagon_Band).mp3,Y,,,
Whoa_Naday_Naday_Nadeechay.mp3,N,,,
Wildwood_Flower_(Barnyard).mp3,N,,,
Winky_Wunk.mp3,N,,,
Woad.mp3,N,,,
Work_Song_(01).mp3,N,,,
Work_Song_(02).mp3,N,,,
Work_Song_(03).mp3,N,,,
Work_Song_(Lonesome).mp3,N,,,
Work_Song_(Putney_Allstars).mp3,N,,,
Yellay_Mama.mp3,N,,,
Yellow_Roses.mp3,Y,,,
Yolomano.mp3,N,,,
Yolomano_(In_The_Crypt).mp3,N,,,
Yolomano_(Parts).mp3,N,,,
Zum_Gali_Gali.mp3,N,,,
